{"count":1,"self":174.32728319999998,"total":175.1313241,"children":{"InitializeActuators":{"count":1,"self":0.0015318999999999999,"total":0.0015318999999999999,"children":null},"InitializeSensors":{"count":1,"self":0.001519,"total":0.001519,"children":null},"AgentSendState":{"count":8465,"self":0.2010651,"total":0.2287506,"children":{"CollectObservations":{"count":1693,"self":0.0130242,"total":0.0130242,"children":null},"WriteActionMask":{"count":1693,"self":0.0015612999999999998,"total":0.0015612999999999998,"children":null},"RequestDecision":{"count":1693,"self":0.013099999999999999,"total":0.013099999999999999,"children":null}}},"DecideAction":{"count":8465,"self":0.47128149999999996,"total":0.4862687,"children":{"RayPerceptionSensor.Perceive":{"count":1693,"self":0.014987199999999999,"total":0.014987199999999999,"children":null}}},"AgentAct":{"count":8465,"self":0.0854598,"total":0.0854598,"children":null}},"gauges":{"Racer.CumulativeReward":{"count":1,"max":57.79757,"min":57.79757,"runningAverage":57.79757,"value":57.79757,"weightedAverage":57.79757}},"metadata":{"timer_format_version":"0.1.0","start_time_seconds":"1749509666","unity_version":"6000.0.36f1","command_line_arguments":"C:\\Program Files\\Unity\\Hub\\Editor\\6000.0.36f1\\Editor\\Unity.exe -projectpath C:\\Users\\santi\\Vr-project -useHub -hubIPC -cloudEnvironment production","communication_protocol_version":"1.5.0","com.unity.ml-agents_version":"3.0.0","scene_name":"Level 2","end_time_seconds":"1749509841"}}